-0.261562,-0.263654,-0.263920,-0.267473,-0.264146,-0.275282,-0.270967,-0.272796,-0.268095,-0.271557,-0.270041,-0.271676,-0.271382,-0.274027,-0.262265,-0.269099,-0.264551,-0.267521,-0.262612,-0.267631,-0.272808,-0.274826,-0.275118,-0.278117,-0.269908,-0.275728,-0.271431,-0.275251,-0.269438,-0.268785,-0.397301,-0.402757,-0.402470,-0.397136,-0.397433,-0.399853,-0.403539,-0.407601,-0.399441,-0.409555,-0.401382,-0.407008,-0.404972,-0.401340,-0.397767,-0.401715,-0.405370,-0.408697,-0.400150,-0.413969,-0.407451,-0.411174,-0.410069,-0.404288,-0.403405,-0.404366,-0.407621,-0.409565,-0.395793,-0.408205,-0.431488,-0.516525,-0.508098,-0.509607,-0.505217,-0.508893,-0.510152,-0.510679,-0.511649,-0.513841,-0.509287,-0.497780,-0.500446,-0.504730,-0.499878,-0.504617,-0.504045,-0.502798,-0.504599,-0.510008,-0.522282,-0.528690,-0.526247,-0.528120,-0.526228,-0.528720,-0.524617,-0.523982,-0.524025,-0.519929,1,605
-0.261644,-0.263654,-0.263920,-0.267473,-0.264146,-0.275282,-0.270967,-0.272796,-0.268095,-0.271557,-0.270041,-0.271676,-0.271382,-0.274027,-0.262265,-0.269099,-0.264551,-0.267521,-0.262612,-0.267631,-0.272808,-0.274826,-0.275118,-0.278117,-0.269908,-0.275728,-0.271431,-0.275251,-0.269438,-0.268785,-0.397479,-0.402757,-0.402470,-0.397136,-0.397433,-0.399853,-0.403539,-0.407601,-0.399441,-0.409555,-0.401382,-0.407008,-0.404972,-0.401340,-0.397767,-0.401715,-0.405370,-0.408697,-0.400150,-0.413969,-0.407451,-0.411174,-0.410069,-0.404288,-0.403405,-0.404366,-0.407621,-0.409565,-0.395793,-0.408205,-0.509505,-0.500957,-0.508098,-0.509607,-0.505217,-0.508893,-0.510152,-0.510679,-0.511649,-0.513841,-0.509287,-0.512759,-0.500446,-0.504730,-0.499878,-0.504617,-0.504045,-0.502798,-0.504599,-0.510008,-0.522282,-0.528690,-0.526247,-0.528120,-0.526228,-0.528720,-0.524617,-0.523982,-0.524025,-0.519929,1,615
-0.261644,-0.263654,-0.263920,-0.267473,-0.264146,-0.275282,-0.270967,-0.272796,-0.268095,-0.271557,-0.270041,-0.271676,-0.271382,-0.274027,-0.262265,-0.269099,-0.264551,-0.267521,-0.262612,-0.267631,-0.272808,-0.274826,-0.275118,-0.278117,-0.269908,-0.275728,-0.271431,-0.275251,-0.269438,-0.268785,-0.397479,-0.402757,-0.402470,-0.397136,-0.397433,-0.399853,-0.403539,-0.407601,-0.399441,-0.409555,-0.401382,-0.407008,-0.404972,-0.401340,-0.397767,-0.401715,-0.405370,-0.408697,-0.400150,-0.413969,-0.407451,-0.411174,-0.374254,-0.404288,-0.403405,-0.404366,-0.407621,-0.409565,-0.395793,-0.408205,-0.509505,-0.516525,-0.508098,-0.509607,-0.505217,-0.508893,-0.510152,-0.510679,-0.511649,-0.513841,-0.509287,-0.512759,-0.500446,-0.504730,-0.499878,-0.504617,-0.504045,-0.502798,-0.504599,-0.510008,-0.497367,-0.528690,-0.501492,-0.528120,-0.476038,-0.528720,-0.524617,-0.523982,-0.524025,-0.519929,1,625
-0.261644,-0.263654,-0.263920,-0.267473,-0.264146,-0.275282,-0.270967,-0.272796,-0.268095,-0.271557,-0.270041,-0.271676,-0.271382,-0.274027,-0.262265,-0.269099,-0.264551,-0.267521,-0.262612,-0.267631,-0.272808,-0.274826,-0.275118,-0.278117,-0.269908,-0.275728,-0.271431,-0.275251,-0.269438,-0.268785,-0.397479,-0.402757,-0.402470,-0.397136,-0.397433,-0.399853,-0.403539,-0.407601,-0.399441,-0.409555,-0.401382,-0.407008,-0.368287,-0.401340,-0.397767,-0.401715,-0.405370,-0.408697,-0.400150,-0.413969,-0.407451,-0.411174,-0.410069,-0.404288,-0.403405,-0.404366,-0.407621,-0.409565,-0.395793,-0.408205,-0.509505,-0.516525,-0.508098,-0.509607,-0.505217,-0.508893,-0.510152,-0.510679,-0.511649,-0.513841,-0.479008,-0.512759,-0.471331,-0.504730,-0.441449,-0.504617,-0.504045,-0.502798,-0.504599,-0.510008,-0.522282,-0.528690,-0.526247,-0.528120,-0.526228,-0.528720,-0.524617,-0.523982,-0.524025,-0.519929,1,635
-0.261644,-0.263654,-0.263920,-0.267473,-0.264146,-0.275282,-0.270967,-0.272796,-0.268095,-0.271557,-0.270041,-0.271676,-0.271382,-0.274027,-0.262265,-0.269099,-0.264551,-0.267521,-0.262612,-0.267631,-0.272808,-0.274826,-0.275118,-0.278117,-0.269908,-0.275728,-0.271431,-0.275251,-0.269438,-0.268785,-0.397479,-0.402757,-0.365128,-0.397136,-0.397433,-0.399853,-0.403539,-0.407601,-0.399441,-0.409555,-0.401382,-0.407008,-0.404972,-0.401340,-0.397767,-0.401715,-0.405370,-0.408697,-0.400150,-0.413969,-0.407451,-0.411174,-0.410069,-0.404288,-0.403405,-0.404366,-0.407621,-0.409565,-0.395793,-0.408205,-0.478298,-0.516525,-0.477323,-0.509607,-0.443614,-0.508893,-0.510152,-0.510679,-0.511649,-0.513841,-0.509287,-0.512759,-0.500446,-0.504730,-0.499878,-0.504617,-0.504045,-0.502798,-0.504599,-0.510008,-0.522282,-0.528690,-0.526247,-0.503108,-0.526228,-0.528720,-0.524617,-0.523982,-0.524025,-0.519929,1,645
-0.261644,-0.263654,-0.263920,-0.267473,-0.264146,-0.275282,-0.270967,-0.272796,-0.268095,-0.271557,-0.270041,-0.271676,-0.271382,-0.274027,-0.262265,-0.269099,-0.264551,-0.267521,-0.262612,-0.267631,-0.272808,-0.274826,-0.275118,-0.278117,-0.269908,-0.275728,-0.271431,-0.275251,-0.269438,-0.268785,-0.397479,-0.402757,-0.402470,-0.397136,-0.397433,-0.399853,-0.403539,-0.407601,-0.399441,-0.409555,-0.401382,-0.407008,-0.404972,-0.401340,-0.397767,-0.401715,-0.405370,-0.408697,-0.400150,-0.413969,-0.407451,-0.411174,-0.410069,-0.404288,-0.403405,-0.404366,-0.407621,-0.409565,-0.395793,-0.408205,-0.509505,-0.516525,-0.508098,-0.509607,-0.505217,-0.508893,-0.510152,-0.510679,-0.511649,-0.513841,-0.509287,-0.512759,-0.500446,-0.475341,-0.499878,-0.504617,-0.504045,-0.502798,-0.504599,-0.510008,-0.522282,-0.528690,-0.501492,-0.503108,-0.501133,-0.528720,-0.524617,-0.523982,-0.524025,-0.519929,1,655
-0.261644,-0.263654,-0.263920,-0.267473,-0.264146,-0.275282,-0.270967,-0.272796,-0.268095,-0.271557,-0.270041,-0.271676,-0.271382,-0.274027,-0.262265,-0.269099,-0.264551,-0.267521,-0.262612,-0.267631,-0.272808,-0.274826,-0.275118,-0.278117,-0.269908,-0.275728,-0.271431,-0.275251,-0.269438,-0.268785,-0.397479,-0.402757,-0.402470,-0.397136,-0.397433,-0.399853,-0.403539,-0.407601,-0.399441,-0.409555,-0.401382,-0.407008,-0.404972,-0.401340,-0.397767,-0.401715,-0.405370,-0.408697,-0.400150,-0.413969,-0.407451,-0.411174,-0.410069,-0.404288,-0.403405,-0.404366,-0.407621,-0.373724,-0.395793,-0.408205,-0.509505,-0.516525,-0.508098,-0.478842,-0.505217,-0.508893,-0.510152,-0.510679,-0.511649,-0.513841,-0.509287,-0.512759,-0.471331,-0.475341,-0.470663,-0.504617,-0.504045,-0.502798,-0.504599,-0.510008,-0.522282,-0.528690,-0.526247,-0.515614,-0.513681,-0.503579,-0.487093,-0.523982,-0.524025,-0.519929,1,665
-0.261644,-0.263654,-0.263920,-0.267473,-0.264146,-0.275282,-0.270967,-0.272796,-0.268095,-0.271557,-0.270041,-0.271676,-0.271382,-0.274027,-0.262265,-0.269099,-0.264551,-0.267521,-0.262612,-0.267631,-0.272808,-0.274826,-0.275118,-0.278117,-0.269908,-0.275728,-0.016727,0.264558,-0.254061,-0.268785,-0.397479,-0.402757,-0.402470,-0.397136,-0.397433,-0.399853,-0.403539,-0.407601,-0.399441,-0.409555,-0.401382,-0.407008,-0.404972,-0.401340,-0.397767,-0.401715,-0.405370,-0.371928,-0.400150,-0.413969,-0.407451,-0.411174,-0.408962,-0.387841,-0.403405,-0.404366,0.034959,0.083376,-0.358343,-0.403387,-0.509505,-0.516525,-0.477323,-0.478842,-0.474416,-0.508893,-0.510152,-0.510679,-0.511649,-0.513841,-0.509287,-0.512759,-0.500446,-0.490035,-0.485271,-0.475723,-0.461234,-0.502798,-0.504599,-0.510008,-0.522282,-0.491359,-0.501492,0.084670,-0.488585,-0.478438,0.075765,-0.337078,-0.473395,-0.382757,1,675
-0.261644,-0.263654,-0.263920,-0.267473,-0.264146,-0.275282,-0.270967,-0.272796,-0.268095,-0.271557,-0.270041,-0.271676,-0.271382,-0.274027,-0.262265,-0.269099,-0.004441,0.283142,-0.247043,-0.267631,-0.272808,-0.274826,0.547298,0.319316,0.302792,-0.275728,-0.079887,0.293155,-0.269438,-0.268785,-0.397479,-0.402757,-0.402470,-0.397136,-0.397433,-0.399853,-0.403539,-0.370227,-0.399441,-0.409555,-0.401382,-0.407008,-0.403838,-0.384345,-0.397767,-0.401715,0.049834,0.097008,-0.361241,-0.408994,-0.406140,-0.407583,0.562841,0.577612,0.109656,-0.284189,-0.006179,0.596888,-0.391292,-0.374723,-0.509505,-0.516525,-0.508098,-0.494224,-0.489817,-0.478408,-0.464212,-0.510679,-0.511649,-0.513841,-0.509287,-0.467823,-0.471331,0.215287,-0.456056,-0.446828,0.180923,-0.295187,-0.449355,-0.365524,-0.459995,-0.379367,0.785734,0.109682,-0.212537,-0.415587,0.388463,-0.349539,-0.410108,-0.395228,1,685
-0.261644,-0.263654,-0.263920,-0.267473,-0.264146,-0.275282,-0.009977,0.284507,-0.252362,-0.271557,-0.270041,-0.271676,0.558223,0.327624,0.315817,-0.269099,-0.068942,0.312314,-0.262612,-0.267631,-0.272808,0.104110,0.287116,-0.219594,0.943206,0.337184,0.127810,0.093257,-0.267891,0.542973,-0.397479,-0.402757,-0.401315,-0.379988,-0.397433,-0.399853,0.058975,0.106413,-0.359663,-0.404534,-0.400050,-0.403332,0.591547,0.613313,0.133049,-0.277237,0.007522,0.623817,-0.395474,-0.379394,-0.407451,0.742728,-0.375722,-0.258324,1.228229,0.159891,0.454288,-0.409565,-0.386624,0.983182,-0.509505,-0.469819,-0.477323,0.244136,-0.459015,-0.447924,0.224891,-0.285691,-0.450362,-0.347565,-0.433589,-0.333016,1.042646,0.244675,-0.134696,-0.374593,0.537677,-0.309028,-0.380299,-0.378659,-0.484910,-0.317149,-0.427229,-0.190460,0.653250,-0.126469,-0.011791,-0.449221,-0.511367,1.138597,1,695
-0.261644,-0.263654,0.574797,0.336139,0.315857,-0.275282,-0.074696,0.314030,-0.268095,-0.271557,-0.270041,0.110485,0.295767,-0.215091,0.962249,0.358779,0.143164,0.108396,-0.261045,0.558331,0.056267,1.057469,-0.275118,-0.270927,-0.269908,-0.275728,-0.271431,-0.275251,-0.188600,-0.268785,-0.396127,-0.399020,0.611903,0.626659,0.141704,-0.273915,0.015984,0.641878,-0.394660,-0.374662,-0.401382,0.774366,-0.369791,-0.250507,1.290334,0.182735,0.481122,-0.408697,-0.390625,1.022838,0.175526,1.392623,-0.407508,-0.389977,-0.395711,-0.404366,-0.407621,-0.400505,-0.247746,-0.312641,-0.431488,-0.329702,1.123000,0.274901,-0.120199,-0.371712,0.607725,-0.300691,-0.373753,-0.362681,-0.463868,-0.258123,-0.383986,-0.107986,0.873208,-0.042308,0.081032,-0.419754,-0.490788,1.236928,1.271605,0.479241,-0.513870,-0.378049,-0.476038,-0.478438,-0.487093,-0.499062,-0.448080,-0.507459,1,705
-0.261644,0.119595,0.309458,-0.208346,0.964438,0.351935,0.138126,0.107654,-0.266512,0.561272,0.063061,1.071957,-0.271382,-0.266787,-0.262265,-0.269099,-0.264551,-0.267521,-0.180767,-0.267631,-0.216232,-0.273246,-0.229027,-0.278117,-0.269908,-0.275728,-0.270535,-0.266373,-0.269438,-0.268785,-0.397479,0.797815,-0.366659,-0.244945,1.317127,0.191448,0.497190,-0.407601,-0.389703,1.040476,0.190824,1.439733,-0.402349,-0.386552,-0.389807,-0.401715,-0.405370,-0.399402,-0.246336,-0.315286,-0.404708,-0.411174,-0.328212,-0.403271,-0.400607,-0.404366,-0.406088,-0.393912,-0.395793,-0.408205,-0.462695,-0.251859,-0.384996,-0.094279,0.942452,-0.021140,0.117697,-0.420684,-0.496327,1.496591,1.670821,0.700507,-0.485888,-0.328399,-0.441449,-0.446828,-0.461234,-0.475117,-0.421733,-0.496873,-0.447537,-0.416697,-0.451984,-0.403061,-0.438395,-0.453298,-0.362014,-0.411840,-0.448080,-0.457578,1,715
0.068476,1.083805,-0.263920,-0.260210,-0.264146,-0.275282,-0.270967,-0.272796,-0.185387,-0.271557,-0.212773,-0.270082,-0.224887,-0.274027,-0.262265,-0.269099,-0.263636,-0.258464,-0.262612,-0.267631,-0.263171,-0.179374,-0.275118,-0.273715,-0.269908,-0.275728,-0.271431,-0.165974,0.014125,-0.036812,0.203581,1.473995,-0.399800,-0.382215,-0.389348,-0.399853,-0.403539,-0.398153,-0.242194,-0.309963,-0.398596,-0.407008,-0.321129,-0.400290,-0.394872,-0.401715,-0.403793,-0.392639,-0.400150,-0.413969,-0.333502,-0.296710,-0.407936,-0.394104,-0.403405,-0.404366,-0.362458,0.193918,-0.357251,-0.010428,1.737390,0.744529,-0.492710,-0.325017,-0.443614,-0.447924,-0.464212,-0.480681,-0.419718,-0.498725,-0.418449,-0.377951,-0.413101,-0.357787,-0.397627,-0.417934,-0.318533,-0.378232,-0.421733,-0.444334,-0.422622,-0.391810,-0.427229,-0.403061,-0.375657,-0.453298,-0.487093,-0.411840,-0.397451,-0.445108,1,725
-0.204889,-0.262056,-0.216915,-0.267473,-0.264146,-0.275282,-0.270050,-0.263631,-0.268095,-0.271557,-0.260286,-0.175412,-0.271382,-0.269594,-0.262265,-0.269099,-0.264551,-0.156047,0.024483,-0.031599,-0.272808,-0.274826,-0.275118,-0.278117,-0.254512,-0.275728,-0.149177,-0.275251,-0.064948,0.515202,-0.394651,-0.402757,-0.317125,-0.396077,-0.394493,-0.399853,-0.401937,-0.391278,-0.399441,-0.409555,-0.326263,-0.289819,-0.402788,-0.390816,-0.397767,-0.401715,-0.358919,0.210413,-0.360107,-0.003208,-0.406323,-0.410228,-0.410069,-0.404288,-0.376205,-0.404366,-0.193850,-0.409565,-0.043562,0.938861,-0.415884,-0.376408,-0.415772,-0.355782,-0.397412,-0.417439,-0.311078,-0.375687,-0.419718,-0.438261,-0.388170,-0.347994,-0.383986,-0.357787,-0.324590,-0.417934,-0.461234,-0.378232,-0.366488,-0.431199,-0.447537,-0.429141,-0.390098,-0.503108,-0.438395,-0.428157,-0.311982,-0.424300,0.045557,1.300709,1,735
-0.251977,-0.167116,-0.263920,-0.263026,-0.264146,-0.275282,-0.270967,-0.159978,0.022029,-0.033562,-0.270041,-0.271676,-0.271382,-0.274027,-0.246724,-0.269099,-0.139702,-0.267521,-0.055575,0.530074,0.123802,0.295257,-0.275118,-0.030251,1.071716,0.469043,-0.271431,0.238622,0.720381,0.983850,-0.321237,-0.283663,-0.400246,-0.386518,-0.397433,-0.399853,-0.356342,0.221681,-0.358504,0.004987,-0.400236,-0.406040,-0.404972,-0.401340,-0.369625,-0.401715,-0.185502,-0.408697,-0.034196,0.977070,0.377662,0.003795,-0.408807,0.161929,1.591796,0.088062,-0.407621,0.238274,0.602060,1.262989,-0.384678,-0.345271,-0.384996,-0.355782,-0.320409,-0.417439,-0.464212,-0.375687,-0.358431,-0.423145,-0.418449,-0.392930,-0.340314,-0.475341,-0.397627,-0.389040,-0.261452,-0.392072,0.116901,1.407681,1.421096,-0.329592,-0.253949,0.409824,1.205347,-0.101328,-0.311982,0.261014,0.767028,1.200948,1,745
-0.261644,-0.263654,-0.263920,-0.267473,-0.248553,-0.275282,-0.145696,-0.272796,-0.058873,0.532780,0.131423,0.303258,-0.271382,-0.024411,1.091966,0.493857,-0.264551,0.256684,0.739535,1.006924,0.863627,0.559784,0.761977,0.369720,0.551771,-0.093092,1.177443,0.654679,0.598795,0.653550,-0.396316,-0.401772,-0.402470,-0.397136,-0.368850,-0.399853,-0.180140,-0.407601,-0.025320,0.994287,0.396161,0.017840,-0.403680,0.183764,1.666483,0.108335,-0.405370,0.255917,0.636583,1.311779,1.602981,1.017199,0.983243,0.120189,0.541867,-0.095181,1.174738,0.713848,1.422524,0.859448,-0.415884,-0.391977,-0.338833,-0.478842,-0.397412,-0.386954,-0.249824,-0.390686,0.177833,1.693100,1.852497,-0.273101,-0.180181,0.597336,1.515928,-0.013414,-0.261452,0.369168,0.904135,1.302602,1.333893,1.723601,0.835243,-0.090413,1.519038,0.338634,0.375955,1.444738,1.020175,0.727083,1,755
0.136225,0.312917,-0.263920,-0.017044,1.094586,0.486871,-0.270967,0.257730,0.744626,1.013593,0.880303,0.570036,0.774779,0.378384,0.567135,-0.082004,1.215076,0.681107,0.616435,0.670844,1.171188,0.608871,0.565392,1.010952,0.622906,0.467461,0.778001,0.398928,0.896017,-0.042472,0.411988,0.028996,-0.401155,0.193240,1.699172,0.116176,-0.403539,0.267933,0.660427,1.332077,1.640879,1.055371,1.022149,0.140632,0.580218,-0.081465,1.222122,0.743806,1.489016,0.895065,0.500725,0.612449,0.975982,1.346122,1.132551,0.380775,0.961844,0.785005,1.127978,0.460020,1.924631,-0.267428,-0.169568,0.644081,1.620084,0.009345,-0.249824,0.434269,1.051178,1.572171,1.746519,2.198365,1.100876,0.009568,1.881111,0.492237,0.523407,1.684038,1.180358,0.803478,0.212713,0.914767,0.340156,1.497839,1.368466,0.363775,0.701162,1.556880,0.691083,0.914135,1,765
0.878400,0.580455,0.793732,0.387065,0.568010,-0.088384,1.213664,0.687271,0.620227,0.674719,1.191629,0.619541,0.576475,1.024145,0.638939,0.492237,0.807156,0.420213,0.917358,-0.037358,0.730173,0.053480,1.005871,1.311179,0.313119,-0.066563,1.307063,0.203297,1.010377,-0.268785,1.675315,1.083387,1.050221,0.149719,0.595881,-0.075849,1.250090,0.763838,1.531881,0.911527,0.521172,0.640985,1.014713,1.407458,1.191345,0.411523,1.003156,0.816805,1.182993,0.482598,0.361870,0.641595,0.352444,1.737883,0.225501,-0.101343,2.291055,0.925582,0.838941,-0.408205,1.815407,2.301386,1.184551,0.028781,2.005103,0.542824,0.592412,1.859192,1.357615,0.997762,0.383952,1.224757,0.518577,1.875733,1.705823,0.521131,0.894431,1.808605,0.821268,1.000501,-0.036438,1.200970,1.256067,0.734978,0.163892,0.627752,0.863766,0.821725,0.589824,-0.519929,1,775
1.186939,0.630101,0.593250,1.034930,0.640053,0.485253,0.804364,0.423231,0.924326,-0.039369,0.745216,0.059423,1.020804,1.326491,0.326240,-0.054827,1.347447,0.220649,1.033143,-0.267631,-0.272808,-0.274826,-0.275118,-0.264773,0.394556,0.591373,0.585063,0.263297,1.373899,-0.268785,0.538868,0.662267,1.042651,1.427960,1.216586,0.422919,1.027607,0.838036,1.219029,0.495264,0.380118,0.670825,0.376044,1.812288,0.252903,-0.087847,2.370279,0.961022,0.882694,-0.413969,-0.407451,-0.411174,-0.410069,-0.225648,0.104793,1.063489,0.598733,0.421126,0.578293,-0.408205,0.411098,1.289429,0.569042,1.982360,1.820294,0.573309,0.990560,1.994185,0.959247,1.224503,0.081159,1.569264,1.595830,0.979386,0.303523,0.824522,1.079943,0.992001,0.710779,-0.510008,-0.522282,-0.528690,-0.526247,-0.127930,0.966941,1.030003,0.438495,-0.050493,-0.321507,-0.519929,1,785
0.744523,0.068388,1.042460,1.338263,0.326315,-0.061236,1.346483,0.221260,1.041332,-0.271557,-0.270041,-0.271676,-0.271382,-0.260589,0.408442,0.619175,0.610122,0.281856,1.401192,-0.267631,-0.251502,-0.259268,-0.275118,-0.276654,-0.269908,-0.275728,-0.271431,-0.275251,-0.269438,-0.268785,0.395705,0.692592,0.392539,1.836438,0.263436,-0.082306,2.416685,0.984623,0.912029,-0.409555,-0.401382,-0.407008,-0.404972,-0.216741,0.128018,1.118669,0.629688,0.443504,0.611890,-0.413969,-0.369758,-0.384601,-0.410069,-0.401912,-0.403405,-0.404366,-0.407621,-0.409565,-0.395793,-0.408205,0.099029,1.647506,1.707734,1.044027,0.341823,0.893396,1.189634,1.109233,0.836672,-0.513841,-0.509287,-0.512759,-0.500446,-0.034515,1.238390,1.286831,0.594757,0.023150,-0.283621,-0.510008,-0.372792,-0.379367,-0.526247,-0.265495,-0.526228,-0.528720,-0.524617,-0.523982,-0.524025,-0.519929,1,795
-0.261644,-0.263654,-0.263920,-0.253991,0.408791,0.612057,0.606663,0.283205,1.413265,-0.271557,-0.248475,-0.255986,-0.271382,-0.272554,-0.262265,-0.269099,-0.264551,-0.267521,-0.262612,-0.267631,-0.272808,-0.274826,-0.275118,-0.278117,-0.135117,1.402179,1.116506,0.840004,1.574089,1.486862,-0.397479,-0.402757,-0.402470,-0.210874,0.136593,1.138354,0.648141,0.458602,0.635182,-0.409555,-0.363093,-0.379802,-0.404972,-0.398885,-0.397767,-0.401715,-0.405370,-0.408697,-0.400150,-0.413969,-0.407451,-0.411174,-0.410069,-0.404288,-0.168076,2.442689,1.515916,0.579653,1.817604,2.124890,-0.509505,-0.516525,-0.508098,-0.017367,1.327470,1.381149,0.668979,0.059290,-0.266500,-0.513841,-0.327612,-0.333016,-0.500446,-0.196151,-0.499878,-0.504617,-0.504045,-0.502798,-0.504599,-0.510008,-0.522282,-0.528690,-0.526247,-0.528120,-0.526228,0.854018,1.664274,0.958788,0.134159,1.724693,1,805
-0.240271,-0.247919,-0.263920,-0.265996,-0.264146,-0.275282,-0.270967,-0.272796,-0.268095,-0.271557,-0.270041,-0.271676,-0.271382,-0.274027,-0.126207,1.449781,1.152845,0.870158,1.603876,1.518738,0.384741,1.225401,0.905328,1.510962,1.854131,0.242690,0.725333,0.997151,0.210430,-0.268785,-0.358617,-0.375109,-0.402470,-0.394660,-0.397433,-0.399853,-0.403539,-0.407601,-0.399441,-0.409555,-0.401382,-0.407008,-0.404972,-0.401340,-0.154294,2.547225,1.573031,0.606136,1.899490,2.201816,0.862522,1.076518,1.323920,0.962807,1.840051,0.630722,0.189058,0.861842,0.429808,-0.407321,-0.322264,-0.329702,-0.508098,-0.186574,-0.505217,-0.508893,-0.510152,-0.510679,-0.511649,-0.513841,-0.509287,-0.512759,-0.500446,-0.504730,-0.499878,1.084571,1.993233,1.144249,0.213579,1.854266,2.293125,1.698714,0.550568,0.497366,0.339559,0.766026,0.213352,-0.038032,1.083462,-0.519929,1,815
-0.261644,-0.263654,-0.263920,-0.267473,-0.127635,1.441788,1.151223,0.878602,1.618087,1.529662,0.395556,1.241317,0.919382,1.527685,1.881732,0.261978,0.753369,1.030466,0.223233,-0.267631,-0.263296,0.583005,0.926825,0.408185,0.563440,-0.203502,0.608598,0.002630,0.485804,0.441657,-0.397479,-0.402757,-0.402470,-0.397136,-0.150144,2.583656,1.606634,0.623907,1.951514,2.230305,0.888697,1.116102,1.371094,1.011358,1.923329,0.670415,0.208327,0.895632,0.457619,-0.413057,-0.391625,0.899343,0.380054,0.644007,1.174265,0.074382,0.182654,-0.409565,0.904873,0.809314,-0.509505,-0.516525,-0.508098,-0.509607,-0.505217,1.167757,2.169691,1.274224,0.285086,2.207045,2.912272,2.168408,0.766054,0.700196,0.508025,0.983440,0.337895,0.036990,1.249413,-0.510008,-0.372792,0.653452,-0.055914,0.734978,0.941846,-0.000765,-0.211918,-0.312158,1.020175,0.801904,1,825
0.397993,1.253648,0.939924,1.540112,1.886977,0.255236,0.750395,1.040843,0.222876,-0.271557,-0.260413,0.593455,0.941067,0.417121,0.578914,-0.195110,0.634157,0.015947,0.502037,0.455243,0.028139,0.344745,0.302631,0.006668,0.361614,0.558820,0.405561,0.043330,0.425273,-0.268785,0.911888,1.145105,1.405417,1.028290,1.960044,0.684845,0.220014,0.918159,0.477469,-0.408635,-0.385305,0.934709,0.404324,0.681923,1.234502,0.094166,0.201741,-0.408697,0.951195,0.843294,0.123977,0.564009,0.192356,0.062721,1.191918,0.057243,0.769022,0.153008,0.801125,-0.408205,3.016871,2.270249,0.830634,0.751759,0.557434,1.061061,0.393338,0.074289,1.434224,-0.513841,-0.327612,0.910207,0.052738,0.979386,1.209175,0.102164,-0.147291,-0.267506,1.180358,0.882287,1.570587,1.151195,1.132296,0.359800,0.327012,0.414056,0.476019,0.148872,0.020243,-0.519929,1,835
-0.252102,0.603941,0.961847,0.425928,0.579829,-0.201371,0.630780,0.014090,0.504622,0.457326,0.034589,0.353168,0.311417,0.012769,0.375191,0.585827,0.426810,0.057466,0.440752,-0.267631,-0.272808,-0.274826,-0.275118,-0.278117,-0.261757,-0.081055,0.787945,0.642623,0.662561,0.571721,-0.381162,0.960764,0.421326,0.695887,1.260420,0.101841,0.213322,-0.407601,0.982059,0.859280,0.138459,0.591392,0.212071,0.081247,1.252766,0.076414,0.804834,0.168443,0.843404,-0.413969,-0.407451,-0.411174,-0.410069,-0.404288,-0.389208,-0.074840,1.433513,1.211278,1.479429,0.293318,-0.322264,0.962489,0.076635,1.044027,1.296669,0.131283,-0.127317,-0.255693,1.357615,1.088458,2.034173,1.509350,1.450255,0.538559,0.493418,0.578920,0.637568,0.244601,0.089279,-0.510008,-0.522282,-0.528690,-0.526247,-0.353037,-0.388204,-0.038476,0.926305,0.821725,0.349334,-0.270526,1,845
0.040258,0.362969,0.325280,0.020258,0.375429,0.578744,0.422732,0.056109,0.442690,-0.271557,-0.270041,-0.271676,-0.271382,-0.274027,-0.254037,-0.069673,0.817310,0.668809,0.680995,0.587582,-0.169437,0.317393,0.512362,1.019412,0.463806,1.090960,0.641993,0.649688,1.080154,-0.210971,0.150433,0.611868,0.225629,0.089799,1.278971,0.083881,0.826100,0.179022,0.871863,-0.409555,-0.401382,-0.407008,-0.404972,-0.401340,-0.383079,-0.060396,1.488278,1.254116,1.548138,0.310454,-0.227075,0.598441,0.474729,1.260075,0.387870,1.434090,1.179652,1.917986,0.483086,-0.309147,2.111872,1.585232,1.553857,0.582551,0.542033,0.634278,0.714919,0.299277,0.147190,-0.513841,-0.509287,-0.512759,-0.500446,-0.299011,-0.339198,0.058822,1.151294,0.992001,0.448368,-0.247311,-0.497367,1.437398,0.352533,1.360274,0.327012,0.514619,1.439131,0.809265,0.931574,-0.519929,1,855
-0.261644,-0.263654,-0.263920,-0.267473,-0.255891,-0.076066,0.814553,0.674825,0.685469,0.590766,-0.165406,0.325583,0.522981,1.032664,0.478344,1.130962,0.668261,0.676016,1.103789,-0.208806,-0.050506,0.072152,0.493193,0.432825,0.315711,0.357086,0.175092,0.784694,0.662570,0.718112,-0.397479,-0.402757,-0.402470,-0.397136,-0.382514,-0.054532,1.520520,1.282533,1.592322,0.321535,-0.218151,0.626643,0.501296,1.318541,0.420892,1.502532,1.227177,1.979124,0.512973,-0.311678,-0.007918,0.174483,0.441799,0.763978,0.129987,0.458307,0.095893,0.974122,1.413324,0.606443,-0.509505,-0.516525,-0.508098,-0.294252,-0.335809,0.085556,1.266201,1.109233,0.545557,-0.211520,-0.479008,1.853857,0.533134,1.714096,0.493418,0.694497,1.736370,0.978161,1.083680,-0.510008,0.424492,2.034691,0.327779,0.810013,0.289369,0.791166,1.326560,0.111491,1.058147,0.951545,1,865
-0.157945,0.335306,0.539168,1.043477,0.478925,1.123305,0.664999,0.682119,1.112724,-0.212243,-0.045019,0.078255,0.503645,0.441935,0.328856,0.379167,0.191449,0.813737,0.681004,0.736536,0.697141,1.426425,0.416963,1.201823,-0.077446,0.496318,0.224521,-0.141574,-0.056822,0.471060,-0.211508,0.647692,0.520036,1.338242,0.434058,1.526716,1.255225,2.019452,0.534058,-0.306322,0.004476,0.192592,0.467567,0.805896,0.154084,0.491830,0.112506,1.010819,1.479458,0.633801,1.142011,1.197950,0.636937,0.770909,-0.067894,0.902415,0.454004,-0.173631,-0.013468,0.383555,-0.478298,1.943309,0.584430,1.813152,0.542033,0.756216,1.894050,1.094233,1.250362,-0.513841,0.641326,2.572829,0.504020,1.067551,0.449596,1.012335,1.607939,0.203079,1.221791,1.039905,1.047369,0.914767,0.476305,0.509871,1.443752,1.117995,1.639259,0.011809,1.045490,0.564972,1,875
-0.038637,0.087273,0.519619,0.450823,0.328940,0.372301,0.186575,0.821500,0.685478,0.740957,0.711779,1.444053,0.426748,1.216363,-0.067995,0.521799,0.241928,-0.131157,-0.047348,0.485160,-0.272808,-0.084349,0.402294,0.891763,0.389051,-0.275728,-0.271431,-0.275251,0.450426,0.541077,0.014447,0.206588,0.485702,0.820977,0.163068,0.504167,0.122654,1.035239,1.522109,0.647858,1.172610,1.240426,0.667440,0.813058,-0.050645,0.951831,0.480830,-0.166654,-0.002928,0.403636,-0.407451,-0.085569,0.283137,1.155183,0.269140,-0.243962,-0.407621,-0.409565,0.036594,0.979689,0.676356,2.690601,0.553655,1.136322,0.495831,1.091546,1.756229,0.254279,1.403580,1.269851,1.398308,1.224757,0.678709,0.714890,1.793467,1.387961,1.964693,0.092353,1.207980,0.632725,-0.522282,-0.180269,0.216384,1.035120,0.088606,-0.528720,-0.524617,-0.523982,0.551852,0.901665,1,885
0.711385,1.456960,0.441879,1.227776,-0.069230,0.514784,0.237224,-0.134788,-0.050559,0.487492,-0.270041,-0.079578,0.411952,0.904114,0.402886,-0.269099,-0.264551,-0.267521,0.466218,0.556402,-0.272808,-0.274826,0.384790,0.259558,0.096459,0.355202,0.415240,0.334420,0.416118,0.187253,1.200046,1.271449,0.689157,0.828204,-0.044870,0.969560,0.496893,-0.161581,0.006645,0.415575,-0.401382,-0.073652,0.305055,1.210151,0.298053,-0.235571,-0.405370,-0.408697,0.049084,1.019230,-0.241013,-0.410273,0.095223,0.472609,0.929812,-0.009520,0.298662,0.667482,0.991864,0.172750,1.456528,1.289429,0.738307,0.767141,1.912698,1.487845,2.139064,0.134286,1.388258,0.801254,-0.509287,-0.093358,0.373002,1.332047,0.215879,-0.504617,-0.504045,-0.502798,0.669346,0.987366,-0.522282,-0.528690,-0.142554,1.635404,0.816370,1.205988,1.126433,0.298395,1.159406,-0.183236,1,895
-0.261644,-0.071009,0.426919,0.914508,0.403216,-0.275282,-0.270967,-0.272796,0.468425,0.559326,-0.270041,-0.271676,0.394295,0.267444,0.107545,0.377237,0.436695,0.354408,0.431483,0.196386,0.293331,-0.274826,-0.275118,0.259006,0.091862,0.285021,-0.271431,-0.275251,0.100851,0.689330,-0.397479,-0.063983,0.320278,1.228874,0.309294,-0.231761,-0.403539,-0.407601,0.059818,1.036835,-0.232309,-0.406085,0.112581,0.504807,0.981590,0.007261,0.321058,0.696239,1.041575,0.185950,-0.407451,-0.411174,-0.410069,0.478648,0.555712,-0.246021,-0.407621,-0.409565,0.298911,0.702000,-0.509505,-0.080605,0.415165,1.413207,0.249419,-0.508893,-0.510152,-0.510679,0.790707,1.209387,-0.509287,-0.512759,-0.049164,2.037369,1.063102,1.489091,1.379616,0.410690,1.332280,-0.155367,-0.173471,-0.528690,-0.526247,0.272259,0.966941,-0.440727,-0.524617,-0.523982,-0.207590,0.165928,1,905
-0.261644,-0.263654,0.409068,0.275763,0.106893,0.370374,0.432650,0.356633,0.433323,0.196318,0.303027,-0.271676,-0.271382,0.266889,0.102905,0.305342,-0.264551,-0.267521,0.112289,0.707249,0.247565,0.592566,-0.041531,1.033496,0.233639,0.137394,0.324162,0.518780,0.780477,0.304964,-0.225878,-0.401819,0.124356,0.517176,1.003544,0.013918,0.334555,0.715489,1.074456,0.195886,-0.401382,-0.407008,-0.404972,0.511048,0.594543,-0.237703,-0.405370,-0.408697,0.321622,0.732477,0.511975,1.070757,0.017483,1.378872,0.517511,0.155440,0.746172,0.306258,0.929523,0.574028,-0.509505,-0.516525,-0.031079,2.151567,1.142662,1.594541,1.511215,0.479267,1.526155,-0.105708,-0.085377,-0.512759,-0.500446,0.435700,1.238390,-0.403487,-0.504045,-0.502798,-0.159321,0.212409,0.349746,0.616121,0.080235,0.347294,0.640703,-0.377876,0.451003,0.360696,1.298637,0.851784,1,915
0.306292,-0.263654,-0.263920,0.275206,0.102238,0.298554,-0.270967,-0.272796,0.110761,0.711428,0.256701,0.603097,-0.035753,1.046848,0.246013,0.154111,0.343684,0.542476,0.800380,0.316157,1.087058,0.968118,-0.222572,0.363754,0.355716,0.929149,0.725658,0.041666,0.211154,0.645682,-0.397479,-0.402757,-0.402470,0.523473,0.610430,-0.233918,-0.403539,-0.407601,0.338438,0.747443,0.532600,1.110205,0.032955,1.441301,0.555019,0.178125,0.781332,0.325662,0.976805,0.600327,1.498434,0.738404,-0.318452,0.650566,1.179077,0.207114,0.838621,0.165727,0.917805,0.491010,-0.072609,-0.516525,-0.508098,0.474874,1.327470,-0.402197,-0.510152,-0.510679,-0.128603,0.317541,0.550488,0.865271,0.212870,0.523865,0.858600,-0.331251,0.609028,0.479894,1.484202,0.934826,0.573982,0.217926,0.303024,0.559895,0.289369,0.590041,0.526051,0.422997,1.298637,0.652263,1,925
0.260382,0.613610,-0.025703,1.057708,0.245822,0.147482,0.339324,0.546968,0.806113,0.317085,1.106469,0.981845,-0.218377,0.372376,0.369238,0.965199,0.753701,0.055768,0.223966,0.662838,0.294521,-0.210202,0.003809,1.193170,0.588651,-0.263832,0.769239,0.150021,0.421825,0.721428,0.550467,1.139112,0.043303,1.462108,0.570287,0.186784,0.802221,0.338824,1.008241,0.614076,1.534676,0.769939,-0.311132,0.688701,1.239481,0.231647,0.876417,0.181491,0.964630,0.514599,-0.407451,-0.300723,0.238626,1.387038,1.093693,-0.384173,0.913955,0.340531,0.795301,0.812522,0.582735,0.915783,0.245900,0.567169,0.927051,-0.325985,0.684292,0.554263,1.694695,1.148922,0.823001,0.385956,0.474905,0.773667,0.449596,0.781180,0.694649,0.549098,1.484202,0.724669,-0.435080,0.068603,0.488682,1.260226,0.879108,-0.528720,0.150812,0.584980,0.374649,1.400470,1,935
1.102541,0.993437,-0.210333,0.381037,0.369456,0.957717,0.750728,0.054392,0.223617,0.666647,0.304231,-0.206502,0.009984,1.207650,0.604361,-0.256914,0.798207,0.166302,0.437260,0.739909,1.018195,0.420027,0.769559,1.093970,1.023126,-0.275728,0.395786,0.332907,0.820467,0.586082,1.567525,0.793317,-0.306949,0.702727,1.265477,0.240934,0.898833,0.192285,0.995794,0.527559,-0.401382,-0.293928,0.259464,1.449740,1.151142,-0.380799,0.953900,0.360822,0.837353,0.846606,1.636020,0.520772,1.372952,1.380482,1.365832,-0.246381,0.103184,0.665888,0.997443,0.579649,0.863597,0.417589,0.522879,0.828671,0.495831,0.847669,0.776173,0.629259,1.694695,0.907066,-0.403310,0.206213,0.693267,1.596543,1.136139,-0.504617,0.266544,0.729027,0.475990,1.512760,1.072284,1.437398,0.649585,0.860037,0.163892,-0.528720,-0.274458,0.584980,0.893601,0.814374,1,945
0.307486,-0.198294,0.020535,1.219033,0.605361,-0.263109,0.795385,0.166258,0.439162,0.744359,1.036763,0.429090,0.782426,1.107749,1.042920,-0.269099,0.416828,0.352866,0.840868,0.602195,0.388223,1.429279,0.366113,1.086624,0.653166,-0.146365,-0.225891,0.233788,1.109170,1.052378,-0.397479,-0.287838,0.273870,1.470623,1.175753,-0.378692,0.977561,0.374562,0.865677,0.862623,1.674440,0.547126,1.421315,1.442965,1.432699,-0.238076,0.120005,0.694603,1.047372,0.606132,0.760268,1.526331,0.403604,1.487521,0.398867,-0.186358,-0.329474,0.489275,1.495292,1.610326,-0.400281,0.230766,0.753695,1.690092,1.219665,-0.508893,0.316771,0.824248,0.576201,1.814028,1.428587,1.853857,0.882514,1.126328,0.303523,-0.504617,-0.218642,0.729027,1.042246,0.895422,1.134572,0.641008,0.092612,0.447342,1.707252,0.238071,-0.111855,0.634821,1.045490,1.038836,1,955
1.033459,0.439107,0.801463,1.118807,1.045377,-0.275282,0.412716,0.355071,0.847028,0.605500,0.399080,1.446931,0.375454,1.100351,0.669483,-0.136578,-0.218045,0.251753,1.133167,1.076651,0.525187,-0.274826,0.628791,1.075875,0.561848,0.731357,0.964230,0.533304,0.393904,1.214202,1.709379,0.566882,1.456539,1.463786,1.461724,-0.234296,0.130273,0.713827,1.080382,0.619934,0.784824,1.576625,0.428445,1.553574,0.432270,-0.175905,-0.324994,0.513418,1.564620,1.670454,0.261689,-0.410273,0.677853,1.350564,1.210319,0.726819,1.343041,0.927560,0.908494,1.023179,1.487735,1.943309,0.953735,1.197852,0.341823,-0.508893,-0.203884,0.824248,1.204396,1.103574,1.504285,0.895228,0.227428,0.641419,2.100220,0.376660,-0.033130,0.784390,1.207980,1.131849,0.000935,-0.528690,0.018349,0.747484,1.431204,0.162649,1.176464,0.647282,0.880944,-0.008654,1,965
0.401486,1.459847,0.390020,1.111385,0.670699,-0.142900,-0.224304,0.252739,1.142411,1.083900,0.537721,-0.271676,0.640428,1.089526,0.577307,0.762578,0.997337,0.557292,0.408992,1.241307,-0.272808,-0.274826,-0.275118,-0.278117,-0.269908,-0.275728,-0.271431,-0.275251,-0.269438,-0.268785,0.806462,1.613111,0.445880,1.575392,0.445614,-0.171396,-0.321872,0.529665,1.609172,1.694053,0.278351,-0.406085,0.709349,1.412049,1.271804,0.769951,1.395226,0.963051,0.954957,1.064140,-0.407451,-0.411174,-0.410069,-0.404288,-0.403405,-0.404366,-0.407621,-0.409565,-0.395793,-0.408205,1.565752,0.946921,0.261288,0.690229,2.236114,0.420886,-0.004810,0.884245,1.388258,1.375663,0.126578,-0.512759,0.140083,0.994080,1.778860,0.289977,1.436697,0.798231,1.028435,0.028521,-0.522282,-0.528690,-0.526247,-0.528120,-0.526228,-0.528720,-0.524617,-0.523982,-0.524025,-0.519929,1,975
0.538886,-0.263654,0.657906,1.100525,0.578217,0.755308,0.995189,0.561963,0.410596,1.249925,-0.270041,-0.271676,-0.271382,-0.274027,-0.262265,-0.269099,-0.264551,-0.267521,-0.262612,-0.267631,-0.272808,-0.274826,-0.275118,-0.278117,-0.269908,-0.275728,-0.271431,-0.275251,-0.269438,-0.268785,0.292417,-0.401819,0.731816,1.432592,1.298306,0.785548,1.425973,0.986686,0.985904,1.082159,-0.401382,-0.407008,-0.404972,-0.401340,-0.397767,-0.401715,-0.405370,-0.408697,-0.400150,-0.413969,-0.407451,-0.411174,-0.410069,-0.404288,-0.403405,-0.404366,-0.407621,-0.409565,-0.395793,-0.408205,0.145839,-0.516525,0.168962,1.059409,1.897298,0.329432,1.572469,0.899244,1.189075,0.105916,-0.509287,-0.512759,-0.500446,-0.504730,-0.499878,-0.504617,-0.504045,-0.502798,-0.504599,-0.510008,-0.522282,-0.528690,-0.526247,-0.528120,-0.526228,-0.528720,-0.524617,-0.523982,-0.524025,-0.519929,1,985
-0.261644,-0.263654,-0.263920,-0.267473,-0.264146,-0.275282,-0.270967,-0.272796,-0.268095,-0.271557,-0.270041,-0.271676,-0.271382,-0.274027,-0.262265,-0.269099,-0.264551,-0.267521,-0.262612,-0.267631,-0.250256,-0.274826,-0.247526,-0.278117,-0.255053,0.560527,0.433885,0.864322,-0.189920,0.447573,-0.397479,-0.402757,-0.402470,-0.397136,-0.397433,-0.399853,-0.403539,-0.407601,-0.399441,-0.409555,-0.401382,-0.407008,-0.404972,-0.401340,-0.397767,-0.401715,-0.405370,-0.408697,-0.400150,-0.413969,-0.367472,-0.410273,-0.362568,-0.403415,-0.378032,0.538064,1.145891,0.298902,-0.258783,0.819531,-0.509505,-0.516525,-0.508098,-0.509607,-0.505217,-0.508893,-0.510152,-0.510679,-0.511649,-0.513841,-0.509287,-0.512759,-0.500446,-0.504730,-0.499878,-0.504617,-0.504045,-0.502798,-0.504599,-0.510008,-0.347877,-0.528690,-0.253949,-0.528120,-0.488585,0.011805,0.776210,0.111491,-0.068359,1.300709,1,995
-0.261644,-0.263654,-0.263920,-0.267473,-0.264146,-0.275282,-0.270967,-0.272796,-0.268095,-0.271557,-0.247213,-0.271676,-0.243549,-0.274027,-0.247270,0.587575,0.455736,0.894966,-0.182104,0.461262,0.043349,1.271149,0.842911,1.693643,0.002161,0.591563,1.596905,0.425527,0.811392,2.012196,-0.397479,-0.402757,-0.402470,-0.397136,-0.397433,-0.399853,-0.403539,-0.407601,-0.399441,-0.409555,-0.360771,-0.406085,-0.356318,-0.400438,-0.371517,0.574441,1.192452,0.318115,-0.257803,0.853845,0.635299,0.705622,1.462998,1.577890,0.235379,0.753657,1.047627,0.828006,2.015847,1.532207,-0.509505,-0.516525,-0.508098,-0.509607,-0.505217,-0.508893,-0.510152,-0.510679,-0.511649,-0.513841,-0.297332,-0.512759,-0.180181,-0.504730,-0.456056,0.116611,0.980052,0.203079,-0.007399,1.407681,0.773303,0.168151,0.476305,-0.002871,-0.049418,0.640322,0.451003,1.207993,1.184721,0.240749,1,1005
-0.239021,-0.263654,-0.235782,-0.267473,-0.249101,0.580491,0.451755,0.903709,-0.186738,0.463395,0.049985,1.287455,0.856420,1.711656,0.012360,0.619370,1.643441,0.447347,0.831679,2.053265,0.394219,0.054791,0.699132,0.725683,0.345492,0.767311,-0.267915,-0.275251,-0.269438,-0.268785,-0.356260,-0.401819,-0.352945,-0.396226,-0.370771,0.587746,1.219944,0.331153,-0.253917,0.869927,0.657877,0.736376,1.513546,1.646957,0.263124,0.797749,1.091386,0.860919,2.105458,1.589785,0.272118,0.152116,0.800547,0.774692,0.182486,1.361279,-0.401534,-0.409565,-0.395793,-0.408205,-0.291057,-0.516525,-0.169568,-0.509607,-0.459015,0.146525,1.082440,0.254279,0.039937,1.693100,1.065236,0.326042,0.678709,0.112427,0.055199,0.838969,0.609028,1.421064,1.359902,0.291218,0.399577,-0.267374,0.575322,1.172685,-0.187442,0.401486,-0.362014,-0.523982,-0.524025,-0.519929,1,1015
0.055517,1.299917,0.876269,1.724683,0.011392,0.612252,1.643477,0.450693,0.837743,2.068632,0.405150,0.060746,0.711384,0.736861,0.358918,0.799409,-0.260961,-0.267521,-0.262612,-0.267631,-0.272808,-0.274826,-0.275118,-0.278117,-0.269908,0.561355,0.204526,1.174428,0.802651,0.145924,0.677617,0.759209,1.550422,1.669617,0.273817,0.813672,1.117254,0.882876,2.162078,1.612642,0.288945,0.169693,0.835020,0.816967,0.208400,1.427116,-0.399110,-0.408697,-0.400150,-0.413969,-0.407451,-0.411174,-0.410069,-0.404288,-0.403405,1.012277,0.418474,1.663094,1.451273,0.781609,1.113252,0.355315,0.738307,0.136458,0.080011,0.908639,0.684292,1.574207,1.556799,0.408237,0.611046,-0.198208,0.795169,1.493683,-0.105481,0.564473,-0.318533,-0.502798,-0.504599,-0.510008,-0.522282,-0.528690,-0.526247,-0.528120,-0.526228,0.715744,0.738686,0.360696,0.703741,0.278159,1,1025
0.407501,0.069714,0.729641,0.746710,0.359101,0.792101,-0.267365,-0.272796,-0.268095,-0.271557,-0.270041,-0.271676,-0.271382,-0.274027,-0.262265,0.588424,0.221508,1.211307,0.822830,0.154335,1.014907,0.304597,1.045629,0.510418,0.878183,0.753140,0.613280,1.292410,1.223288,0.275888,0.303169,0.183316,0.859739,0.832148,0.218235,1.450416,-0.397178,-0.407601,-0.399441,-0.409555,-0.401382,-0.407008,-0.404972,-0.401340,-0.397767,1.065624,0.444288,1.717631,1.518885,0.814685,0.873243,0.419112,1.242530,0.264303,1.111778,1.461350,0.396340,2.363889,0.722390,0.525277,0.645149,-0.189585,0.861409,1.582414,-0.089397,0.619035,-0.311078,-0.510679,-0.511649,-0.513841,-0.509287,-0.512759,-0.500446,-0.504730,-0.499878,0.925652,0.937241,0.479894,0.835080,0.330623,0.848048,0.392136,0.897129,0.684954,0.828917,0.338634,0.938813,0.859106,0.577167,0.003816,1,1035
-0.261644,-0.263654,-0.263920,-0.267473,-0.264146,0.581339,0.216735,1.223865,0.828800,0.153917,1.033435,0.312678,1.060909,0.520076,0.896614,0.784892,0.638938,1.331661,1.248706,0.286573,0.988635,0.702547,0.487433,0.400635,0.725257,0.722518,0.981190,0.703451,0.067639,0.569136,-0.397479,-0.402757,-0.402470,-0.397136,-0.397433,1.084687,0.459764,1.753663,1.562417,0.830407,0.899588,0.443045,1.287728,0.289553,1.169853,1.530767,0.421522,2.436573,0.761601,0.549985,0.824402,0.832803,0.429555,0.714360,0.517688,0.653251,1.282378,0.830486,0.184627,1.027901,-0.509505,-0.516525,-0.508098,-0.509607,-0.505217,1.000092,1.036500,0.554263,0.974569,0.453585,1.156073,0.595657,1.173663,0.920609,1.077710,0.492237,1.165564,1.033524,0.696968,0.041656,0.474322,-0.055833,0.748603,0.122188,0.239178,0.728315,1.138941,0.273474,1.425211,-0.008654,1,1045
1.030161,0.322364,1.083005,0.529219,0.898585,0.777600,0.635577,1.345670,1.259170,0.287254,1.006842,0.714014,0.497834,0.409517,0.742251,0.753522,1.014657,0.730859,0.078663,0.584952,0.359136,-0.274826,-0.275118,-0.278117,-0.269908,-0.275728,-0.271431,-0.275251,-0.269438,-0.268785,0.922942,0.461110,1.320558,0.299982,1.194758,1.555283,0.436632,2.484417,0.788234,0.563271,0.849973,0.866585,0.455026,0.754623,0.555203,0.693750,1.332832,0.863463,0.202885,1.069016,0.209889,-0.411174,-0.410069,-0.404288,-0.403405,-0.404366,-0.407621,-0.409565,-0.395793,-0.408205,1.206873,0.635549,1.261490,0.982497,1.158062,0.542824,1.281514,1.154230,0.821351,0.121032,0.701884,0.056428,0.998973,0.259369,0.391167,0.940099,1.393886,0.383009,1.622314,0.028521,0.424492,-0.528690,-0.526247,-0.528120,-0.526228,-0.528720,-0.524617,-0.523982,-0.524025,-0.519929,1,1055
1.003806,0.724843,0.513745,0.418299,0.743709,0.746263,1.012567,0.737623,0.076781,0.588114,0.369637,-0.271676,-0.271382,-0.274027,-0.262265,-0.269099,-0.264551,-0.267521,-0.262612,-0.267631,-0.095377,0.370480,-0.275118,-0.114704,-0.044278,1.193833,-0.019631,0.071668,1.006691,1.103519,0.872585,0.891533,0.472936,0.769242,0.570474,0.708454,1.362578,0.885462,0.217050,1.087079,0.225731,-0.407008,-0.404972,-0.401340,-0.397767,-0.401715,-0.405370,-0.408697,-0.400150,-0.413969,0.417309,0.193470,-0.409161,-0.070754,0.488911,0.588033,0.030066,0.202921,1.322378,0.991716,0.738770,0.075081,1.076837,0.290284,0.434228,1.015334,1.526529,0.449269,1.847913,0.105916,0.641326,-0.512759,-0.500446,-0.504730,-0.499878,-0.504617,-0.504045,-0.502798,-0.504599,-0.510008,-0.173471,0.043716,-0.526247,-0.365543,-0.476038,0.690604,0.288400,0.821725,0.108844,-0.120885,1,1065
0.372306,-0.263654,-0.263920,-0.267473,-0.264146,-0.275282,-0.270967,-0.272796,-0.268095,-0.271557,-0.090439,0.379122,-0.271382,-0.109460,-0.034515,1.236347,-0.007407,0.086373,1.029411,1.128687,0.955193,0.071664,1.354797,1.057620,0.720273,0.653437,0.591441,0.895236,0.833759,1.014450,0.239010,-0.402757,-0.402470,-0.397136,-0.397433,-0.399853,-0.403539,-0.407601,-0.399441,-0.409555,0.436435,0.212031,-0.404042,-0.056680,0.525429,0.626198,0.044801,0.219649,1.384968,1.031650,0.762685,0.507842,0.636285,1.243294,1.324465,0.695290,0.606198,1.166676,1.992225,0.358409,0.676356,-0.516525,-0.508098,-0.509607,-0.505217,-0.508893,-0.510152,-0.510679,-0.511649,-0.513841,-0.085377,0.176256,-0.500446,-0.313705,-0.441449,0.896758,0.423516,0.992001,0.185957,-0.089692,-0.161013,0.827662,0.352533,2.373253,0.352107,0.967151,1.489163,2.217274,1.956821,0.527561,1,1075
-0.083650,0.388997,-0.263920,-0.102370,-0.035639,1.228579,-0.012953,0.085366,1.037561,1.136368,0.972991,0.077762,1.372779,1.071142,0.737220,0.682754,0.616635,0.926501,0.854325,1.038060,0.759642,2.056131,1.145189,0.666880,0.600972,1.003043,0.561494,-0.275251,-0.269438,-0.267637,0.452864,0.226343,-0.401523,-0.049371,0.540234,0.640110,0.053862,0.231069,1.425511,1.049369,0.787279,0.533887,0.666773,1.301201,1.389901,0.737294,0.637366,1.208359,2.080915,0.377669,1.416565,2.113467,1.579164,0.678103,1.491425,0.449202,0.553546,-0.409565,-0.394896,-0.407143,-0.072609,0.199629,-0.508098,-0.309634,-0.443614,0.969608,0.485218,1.109233,0.254443,-0.030128,-0.070238,1.119907,0.533134,2.904327,0.522633,1.214595,1.793451,2.542164,2.202381,0.593320,0.922794,0.329918,1.416971,1.097650,1.406109,1.168277,0.363447,-0.386919,-0.524025,-0.370287,1,1085
0.970258,0.086779,1.398301,1.082081,0.738661,0.675569,0.613199,0.935624,0.860628,1.044988,0.775045,2.079117,1.161339,0.677642,0.616799,1.040898,0.586053,-0.267521,-0.262612,-0.266463,-0.206645,0.322606,0.817926,1.010590,0.128969,-0.239942,-0.271431,-0.034763,0.602265,0.389194,0.808953,0.553429,0.688477,1.320745,1.418254,0.752508,0.655943,1.236024,2.136988,0.389370,1.451511,2.177739,1.632531,0.717157,1.562638,0.482399,0.583212,-0.408697,-0.399219,-0.412873,-0.290636,0.608442,1.007923,0.773592,0.292573,-0.343727,-0.407621,0.015411,0.937271,0.269261,-0.057005,1.180449,0.584430,3.059135,0.572834,1.304938,1.955304,2.789141,2.491431,0.755906,1.246911,0.520764,1.785077,1.405518,1.749645,1.445750,0.509136,-0.350550,-0.504599,-0.352390,0.000935,1.250744,0.835243,0.509871,-0.350561,-0.327594,-0.512109,-0.324618,0.589824,0.402860,1,1095
0.774085,2.093833,1.184539,0.687299,0.617839,1.033336,0.582514,-0.272796,-0.268095,-0.270379,-0.203069,0.330840,0.831216,1.023780,0.140360,-0.232440,-0.264551,-0.022197,0.619948,0.401862,1.281570,1.211323,0.876376,0.944248,1.595288,0.631102,0.333075,1.291620,0.418986,0.458184,1.483117,2.223994,1.671539,0.731438,1.593699,0.494625,0.600919,-0.407601,-0.398489,-0.408449,-0.282718,0.636883,1.047428,0.815831,0.322297,-0.338906,-0.405370,0.027283,0.984856,0.285612,0.948595,1.642872,1.109816,1.781576,1.003573,1.133831,0.978876,1.053129,0.307351,0.361844,1.300493,0.557706,1.907774,1.490119,1.866496,1.548814,0.577099,-0.345688,-0.511649,-0.332449,0.126578,1.629179,1.100876,0.714890,-0.295376,-0.273462,-0.489775,-0.281347,0.710779,0.461972,0.412034,1.014316,1.367462,0.747484,0.916751,2.010490,1.376592,0.809265,1.868219,0.165928,1,1105
-0.195272,0.340578,0.850789,1.034564,0.139818,-0.238662,-0.270967,-0.024514,0.623777,0.403502,1.303362,1.227120,0.890177,0.956969,1.620458,0.659874,0.352785,1.330855,0.434387,0.472059,0.496193,0.453780,0.229144,0.612941,0.324030,0.101876,0.561522,1.279945,0.453400,0.463953,-0.277041,0.658098,1.075953,0.831001,0.333917,-0.336307,-0.403539,0.035543,1.016470,0.296465,0.976132,1.695940,1.151794,1.857438,1.057903,1.191528,1.020673,1.091872,0.330391,0.381216,0.451941,0.835819,0.467210,0.590578,0.144665,0.712795,0.061390,1.340146,0.859703,0.847453,0.145839,1.709781,1.184551,0.767141,-0.289607,-0.265016,-0.494838,-0.270692,0.836672,0.604745,0.626186,1.344586,1.726847,0.994080,1.179961,2.413709,1.665019,0.978161,2.105703,0.212409,0.686100,0.790331,2.221487,0.797508,0.515226,1.168277,1.251512,1.070930,1.108777,0.552502,1,1115
1.297671,1.239410,0.910398,0.967536,1.624834,0.652713,0.348457,1.344855,0.436258,0.474282,0.508371,0.463131,0.237288,0.623323,0.337254,0.117725,0.586082,1.318946,0.469229,0.477929,0.729857,0.967824,0.988588,0.299345,-0.145557,0.157384,-0.074989,1.069945,0.302789,0.481814,1.000630,1.734365,1.182188,1.881994,1.081053,1.212067,1.045406,1.117623,0.347402,0.392949,0.471615,0.869672,0.493594,0.626712,0.169270,0.755425,0.077019,1.386321,0.904265,0.882678,0.865258,1.715804,0.976785,-0.082518,-0.186489,0.328927,0.261192,0.661760,0.631699,0.837421,0.660753,1.413978,1.846223,1.059409,1.265867,2.570046,1.817483,1.094233,2.384178,0.317541,0.959258,1.074971,2.731312,1.052857,0.712527,1.445750,1.522318,1.268816,1.277036,0.619590,0.200256,0.976985,0.191630,-0.015377,0.251726,0.338634,0.601099,0.236093,0.577167,0.402860,1,1125
0.509799,0.473245,0.250337,0.632802,0.337366,0.111135,0.582542,1.332802,0.471468,0.480201,0.744896,0.981549,1.003370,0.307513,-0.136745,0.174588,-0.063940,1.104723,0.316743,0.496103,0.333865,0.342453,0.050240,-0.015736,0.300416,-0.207047,-0.271431,-0.052104,-0.203471,0.320022,0.488570,0.894671,0.512196,0.640179,0.178492,0.770851,0.086597,1.416910,0.934081,0.899026,0.891476,1.770608,1.015535,-0.068837,-0.173344,0.357820,0.282519,0.690368,0.667377,0.872318,0.664865,0.986208,-0.189977,0.031251,0.103368,-0.288225,-0.407621,-0.015423,-0.282193,0.126177,1.004028,1.133743,2.907976,1.120939,0.773044,1.548814,1.664349,1.409216,1.464868,0.786138,0.368812,1.299650,0.343887,0.097733,0.405774,0.492237,0.780269,0.341487,0.696968,0.461972,-0.223301,0.616121,0.204007,-0.002871,-0.174894,0.275782,-0.512109,-0.137714,-0.131646,-0.071004,1,1135
0.744205,0.993140,1.024834,0.315962,-0.138209,0.167938,-0.069678,1.115995,0.317373,0.498526,0.344057,0.350856,0.056820,-0.009794,0.313418,-0.198742,-0.264551,-0.039888,-0.195823,0.331480,-0.272808,-0.274826,1.127240,0.867651,1.378994,0.060771,0.422051,0.923799,0.584521,0.061310,0.914708,1.810247,1.043488,-0.061638,-0.169492,0.368585,0.295397,0.709523,0.691908,0.888571,0.687910,1.023642,-0.179539,0.048727,0.126544,-0.281417,-0.405370,-0.004349,-0.282125,0.137857,-0.072023,-0.410273,0.731298,1.798161,1.188797,0.072245,0.403598,1.315139,0.983242,0.166461,0.395494,1.367272,0.384390,0.121076,0.449628,0.542824,0.868053,0.404271,0.821351,0.604745,-0.145936,0.865271,0.358445,0.112427,-0.090874,0.420001,-0.489775,-0.073736,-0.076455,-0.037153,-0.522282,-0.528690,0.327779,0.860037,0.276821,-0.440727,1.063893,0.522679,1.691016,0.165928,1,1145
0.346955,0.360651,0.067887,-0.002379,0.313451,-0.204999,-0.270967,-0.042418,-0.200601,0.332534,-0.270041,-0.271676,1.143234,0.879832,1.402131,0.075616,0.443650,0.955639,0.601983,0.068240,0.034537,-0.274826,-0.149396,0.837151,0.684983,0.123225,-0.126800,0.891161,0.581975,0.166367,0.708099,1.051142,-0.172999,0.056986,0.135097,-0.278145,-0.403539,0.003391,-0.278781,0.147350,-0.060644,-0.406085,0.764091,1.874576,1.249538,0.091953,0.428987,1.360666,1.032617,0.179456,0.135443,-0.410273,-0.052916,1.259336,0.322355,0.270902,-0.157457,1.650269,0.600043,0.325376,-0.135023,0.915783,0.399777,0.136458,-0.073997,0.466613,-0.494838,-0.045705,-0.036672,0.030336,-0.509287,-0.512759,0.504020,1.126328,0.434989,-0.403487,1.308265,0.659824,1.912347,0.212409,0.038307,-0.528690,0.142121,0.634931,0.477583,0.451767,0.075765,1.307675,0.906259,0.564972,1,1155
-0.261644,-0.263654,1.166234,0.890147,1.405782,0.069070,0.439629,0.965113,0.605623,0.067107,0.041066,-0.271676,-0.144561,0.849116,0.701599,0.139596,-0.116850,0.922345,0.599405,0.175135,-0.171863,0.296606,-0.252947,0.491481,0.854668,0.739113,0.941286,0.452066,0.387680,0.245262,-0.051647,-0.401819,0.787539,1.899287,1.275691,0.099602,0.444218,1.390833,1.065298,0.189331,0.150106,-0.406085,-0.039152,1.317777,0.353109,0.297719,-0.148071,1.704475,0.634488,0.343559,-0.228963,0.079896,-0.041690,0.073159,0.581952,0.840520,1.213281,0.874736,0.579802,-0.324858,-0.509505,-0.516525,0.553655,1.197852,0.480430,-0.402197,1.434648,0.749252,2.169672,0.317541,0.171997,-0.512759,0.285658,0.861832,0.668705,0.622261,0.180923,1.531790,1.056058,0.632725,-0.148556,-0.404254,0.315402,-0.140436,-0.413299,0.577471,0.088273,1.158152,-0.232905,-0.220646,1,1165
0.046677,-0.263654,-0.135706,0.859331,0.702922,0.132982,-0.122767,0.931418,0.603018,0.174890,-0.167861,0.304619,-0.249017,0.501005,0.872878,0.770523,0.973906,0.474420,0.402690,0.255411,0.148299,1.459421,1.251230,-0.068484,0.405429,0.283155,0.362105,0.973562,0.325482,0.436761,0.162255,-0.401819,-0.030096,1.337471,0.365213,0.307780,-0.142108,1.740291,0.658284,0.354945,-0.220068,0.095753,-0.027654,0.092033,0.621691,0.887720,1.261764,0.908859,0.613458,-0.327902,0.839613,1.252779,1.122778,0.413510,-0.205231,0.699798,0.044349,1.307698,0.629191,0.805158,0.192649,-0.516525,0.322839,0.920967,0.726842,0.680005,0.224891,1.694201,1.219718,0.801254,-0.055098,-0.362973,0.489462,-0.049209,-0.368412,0.766733,0.195193,1.365701,-0.186944,-0.194771,0.299916,-0.105608,0.092612,0.472354,1.606871,-0.352735,0.413479,0.261014,0.678426,1.238358,1,1175
-0.160379,0.314282,-0.241310,0.510085,0.874770,0.763245,0.971678,0.478092,0.404227,0.255833,0.156220,1.477329,1.268307,-0.062914,0.419418,0.303430,0.382432,1.006402,0.339718,0.450261,-0.033865,-0.274826,-0.026677,0.364755,0.867725,-0.236169,-0.232179,0.632053,0.588281,0.005256,-0.213454,0.108175,-0.018392,0.100682,0.638004,0.904698,1.290369,0.931603,0.636785,-0.322696,0.865425,1.296559,1.165070,0.443737,-0.192734,0.741962,0.059492,1.353033,0.664771,0.839002,0.010239,-0.410273,0.351656,0.022545,0.930291,-0.337297,-0.340271,0.704398,0.598872,0.379506,-0.041402,-0.360839,0.538267,-0.032749,-0.366611,0.832427,0.240204,1.514211,-0.159247,-0.151056,0.489929,-0.003487,0.227428,0.670807,1.983362,-0.302357,0.566217,0.369168,0.807457,1.342007,0.125510,-0.528690,0.117367,-0.065401,0.665798,-0.327594,0.075765,1.183073,0.361992,0.602382,1,1185
